{"cameraMode":{"drawMode":0,"name":"Shaded","section":"Shading Mode"},"sceneLighting":true,"audioPlay":false,"sceneViewState":{"showFog":true,"showMaterialUpdate":false,"showSkybox":true,"showFlares":true,"showImageEffects":true,"showParticleSystems":true,"showVisualEffectGraphs":true,"m_FxEnabled":true},"in2DMode":false,"pivot":{"x":-215.16429138183595,"y":-444.098388671875,"z":1025.6954345703125},"rotation":{"x":0.18818050622940064,"y":0.0014684617053717375,"z":-0.00028374738758429885,"w":0.9821297526359558},"size":610.2606811523438,"orthographic":false}