{"cameraMode":{"drawMode":0,"name":"Shaded","section":"Shading Mode"},"sceneLighting":true,"audioPlay":false,"sceneViewState":{"showFog":true,"showMaterialUpdate":false,"showSkybox":true,"showFlares":true,"showImageEffects":true,"showParticleSystems":true,"showVisualEffectGraphs":true,"m_FxEnabled":true},"in2DMode":false,"pivot":{"x":-184.45529174804688,"y":17.32328224182129,"z":-83.24087524414063},"rotation":{"x":-0.044831641018390658,"y":-0.28602415323257449,"z":0.01340557262301445,"w":-0.9570785164833069},"size":25.227258682250978,"orthographic":false}