{"cameraMode":{"drawMode":0,"name":"Shaded","section":"Shading Mode"},"sceneLighting":true,"audioPlay":false,"sceneViewState":{"showFog":true,"showMaterialUpdate":false,"showSkybox":true,"showFlares":true,"showImageEffects":true,"showParticleSystems":true,"showVisualEffectGraphs":true,"m_FxEnabled":true},"in2DMode":false,"pivot":{"x":365.9394836425781,"y":421.7403259277344,"z":514.3089599609375},"rotation":{"x":-0.09669758379459381,"y":0.031937453895807269,"z":-0.0031038608867675068,"w":-0.9947975277900696},"size":505.0081787109375,"orthographic":false}